date,expinf5yr,unrate,nrou,core_pce,mich,gdp,job_openings,median_cpi,FRB_exp,core_pce_changeA,unrate_slack,FRB_post1991,lagged_1,lagged_2,predicted_1980_2019,predicted_1970_2019
1959-05-01,NA,5.1,5.438085556030273,15.589,NA,522.653,NA,NA,NA,1.9740946473170595,-0.3380855560302738,NA,NA,NA,NA,NA
1959-08-01,NA,5.2,5.443927,15.697,NA,525.034,NA,NA,NA,2.8001160424665272,-0.24392700000000023,NA,1.9740946473170595,NA,NA,NA
1959-11-01,NA,5.8,5.450064,15.794,NA,528.6,NA,NA,NA,2.49481635131652,0.3499359999999996,NA,2.8001160424665272,1.9740946473170595,NA,NA
1960-02-01,NA,4.8,5.456452369689941,15.852,NA,542.648,NA,NA,NA,1.4770234595115062,-0.6564523696899416,NA,2.49481635131652,2.8001160424665272,NA,NA
1960-05-01,NA,5.1,5.463051,15.908,NA,541.08,NA,NA,NA,1.4205764415023525,-0.36305100000000046,NA,1.4770234595115062,2.49481635131652,NA,NA
1960-08-01,NA,5.6,5.469829559326172,15.968,NA,545.604,NA,NA,NA,1.5172317372493804,0.13017044067382777,NA,1.4205764415023525,1.4770234595115062,NA,NA
1960-11-01,NA,6.1,5.47677,16.033,NA,540.197,NA,NA,NA,1.6382255931603362,0.6232299999999995,NA,1.5172317372493804,1.4205764415023525,NA,NA
1961-02-01,NA,6.9,5.483875,16.048,NA,545.018,NA,NA,NA,0.37475365723529386,1.416125,NA,1.6382255931603362,1.5172317372493804,NA,NA
1961-05-01,NA,7.1,5.4911650000000005,16.096,NA,555.545,NA,NA,NA,1.201789224299743,1.6088349999999991,NA,0.37475365723529386,1.6382255931603362,NA,NA
1961-08-01,NA,6.6,5.498675346374512,16.162,NA,567.664,NA,NA,NA,1.6502746067729612,1.101324653625488,NA,1.201789224299743,0.37475365723529386,NA,NA
1961-11-01,NA,6.1,5.506455421447754,16.202,NA,580.612,NA,NA,NA,0.9936577561730164,0.5935445785522457,NA,1.6502746067729612,1.201789224299743,NA,NA
1962-02-01,NA,5.5,5.514558999999999,16.262,NA,594.013,NA,NA,NA,1.489547359339105,-0.014558999999999322,NA,0.9936577561730164,1.6502746067729612,NA,NA
1962-05-01,NA,5.5,5.523042,16.326,NA,600.366,NA,NA,NA,1.5835396766080478,-0.02304200000000023,NA,1.489547359339105,0.9936577561730164,NA,NA
1962-08-01,NA,5.7,5.5319504737854,16.372,NA,609.027,NA,NA,NA,1.1318088756954614,0.1680495262145998,NA,1.5835396766080478,1.489547359339105,NA,NA
1962-11-01,NA,5.7,5.5413239999999995,16.415,NA,612.28,NA,NA,NA,1.054720300454659,0.1586760000000007,NA,1.1318088756954614,1.5835396766080478,NA,NA
1963-02-01,NA,5.9,5.551188,16.47,NA,621.672,NA,NA,NA,1.3469885342929144,0.34881200000000057,NA,1.054720300454659,1.1318088756954614,NA,NA
1963-05-01,NA,5.9,5.561552,16.53,NA,629.752,NA,NA,NA,1.4651770700434108,0.3384480000000005,NA,1.3469885342929144,1.054720300454659,NA,NA
1963-08-01,NA,5.4,5.572411,16.588,NA,644.444,NA,NA,NA,1.410912954631205,-0.17241099999999943,NA,1.4651770700434108,1.3469885342929144,NA,NA
1963-11-01,NA,5.7,5.583747386932373,16.67,NA,653.938,NA,NA,NA,1.9920433125990566,0.11625261306762713,NA,1.410912954631205,1.4651770700434108,NA,NA
1964-02-01,NA,5.4,5.595527648925781,16.749,NA,669.822,NA,NA,NA,1.9091386686775902,-0.1955276489257809,NA,1.9920433125990566,1.410912954631205,NA,NA
1964-05-01,NA,5.1,5.607705999999999,16.794,NA,678.674,NA,NA,NA,1.079029892210981,-0.5077059999999998,NA,1.9091386686775902,1.9920433125990566,NA,NA
1964-08-01,NA,5,5.620222568511963,16.845,NA,692.031,NA,NA,NA,1.2202640418988553,-0.6202225685119629,NA,1.079029892210981,1.9091386686775902,NA,NA
1964-11-01,NA,4.8,5.633007,16.883,NA,697.319,NA,NA,NA,0.9054028527732294,-0.8330070000000003,NA,1.2202640418988553,1.079029892210981,NA,NA
1965-02-01,NA,5.1,5.645976999999999,16.95,NA,717.79,NA,NA,NA,1.5968699726178537,-0.5459769999999997,NA,0.9054028527732294,1.2202640418988553,NA,NA
1965-05-01,NA,4.6,5.659044000000001,17.011,NA,730.191,NA,NA,NA,1.447317587918806,-1.059044000000001,NA,1.5968699726178537,0.9054028527732294,NA,NA
1965-08-01,NA,4.4,5.672116,17.056,NA,749.323,NA,NA,NA,1.062344977795182,-1.2721159999999996,NA,1.447317587918806,1.5968699726178537,NA,NA
1965-11-01,NA,4.1,5.685105,17.102,NA,771.857,NA,NA,NA,1.0831713811185084,-1.5851050000000004,NA,1.062344977795182,1.447317587918806,NA,NA
1966-02-01,NA,3.8,5.69793,17.201,NA,795.734,NA,NA,NA,2.335702458365585,-1.8979300000000006,NA,1.0831713811185084,1.062344977795182,NA,NA
1966-05-01,NA,3.9,5.710529,17.331,NA,804.981,NA,NA,NA,3.057524353327601,-1.8105290000000003,NA,2.335702458365585,1.0831713811185084,NA,NA
1966-08-01,NA,3.8,5.722861,17.47,NA,819.638,NA,NA,NA,3.246926175742648,-1.9228610000000002,NA,3.057524353327601,2.335702458365585,NA,NA
1966-11-01,NA,3.6,5.734915,17.625,NA,833.302,NA,NA,NA,3.5964522137060584,-2.134915,NA,3.246926175742648,3.057524353327601,NA,NA
1967-02-01,NA,3.8,5.746704,17.727,NA,844.17,NA,NA,NA,2.3350665065084097,-1.9467040000000004,NA,3.5964522137060584,3.246926175742648,NA,NA
1967-05-01,NA,3.8,5.7582700000000004,17.842,NA,848.983,NA,NA,NA,2.6202719755882953,-1.9582700000000006,NA,2.3350665065084097,3.5964522137060584,NA,NA
1967-08-01,NA,3.8,5.769672,18.003,NA,865.233,NA,NA,NA,3.658611168695791,-1.969672,NA,2.6202719755882953,2.3350665065084097,NA,NA
1967-11-01,NA,3.9,5.780983999999999,18.192,NA,881.439,NA,NA,NA,4.2658921054068655,-1.8809839999999993,NA,3.658611168695791,2.6202719755882953,NA,NA
1968-02-01,NA,3.8,5.792286,18.397,NA,909.387,NA,NA,NA,4.5842398187492694,-1.992286,NA,4.2658921054068655,3.658611168695791,NA,NA
1968-05-01,NA,3.5,5.803658485412598,18.608,NA,934.344,NA,NA,NA,4.667236104975547,-2.3036584854125977,NA,4.5842398187492694,4.2658921054068655,NA,NA
1968-08-01,NA,3.5,5.815175533294678,18.816,NA,950.825,NA,NA,NA,4.546723859261537,-2.3151755332946777,NA,4.667236104975547,4.5842398187492694,NA,NA
1968-11-01,NA,3.4,5.826905,19.041,NA,968.03,NA,NA,NA,4.869644202563284,-2.426905,NA,4.546723859261537,4.667236104975547,NA,NA
1969-02-01,NA,3.4,5.838901,19.236,NA,993.337,NA,NA,NA,4.159781807915186,-2.438901,NA,4.869644202563284,4.546723859261537,NA,NA
1969-05-01,NA,3.4,5.85120964050293,19.478,NA,1009.02,NA,NA,NA,5.127992761003863,-2.4512096405029298,NA,4.159781807915186,4.869644202563284,NA,NA
1969-08-01,NA,3.5,5.863864,19.691,NA,1029.956,NA,NA,NA,4.446440204287749,-2.3638640000000004,NA,5.127992761003863,4.159781807915186,NA,NA
1969-11-01,NA,3.5,5.876888,19.931,NA,1038.147,NA,NA,NA,4.965183143309648,-2.376888,NA,4.446440204287749,5.127992761003863,NA,NA
1970-02-01,NA,4.2,5.890298366546631,20.148,NA,1051.2,NA,NA,NA,4.426665886105452,-1.6902983665466307,NA,4.965183143309648,4.446440204287749,NA,NA
1970-05-01,NA,4.8,5.9041,20.375,NA,1067.375,NA,NA,NA,4.583386585537941,-1.1040999999999999,NA,4.426665886105452,4.965183143309648,NA,NA
1970-08-01,NA,5.1,5.918292,20.597,NA,1086.059,NA,NA,NA,4.430030856802514,-0.8182920000000005,NA,4.583386585537941,4.426665886105452,NA,NA
1970-11-01,NA,5.9,5.932861,20.892,NA,1088.608,NA,NA,NA,5.853249032421615,-0.032860999999999585,NA,4.430030856802514,4.583386585537941,NA,NA
1971-02-01,NA,5.9,5.947782,21.16,NA,1135.156,NA,NA,3.0976,5.230730393395122,-0.04778199999999977,NA,5.853249032421615,4.430030856802514,2.881972583514643,4.6679025165438945
1971-05-01,NA,5.9,5.9630160000000005,21.4,NA,1156.271,NA,NA,3.0976,4.6146339891304455,-0.06301600000000018,NA,5.230730393395122,5.853249032421615,3.003314283534821,4.940846835152959
1971-08-01,NA,6.1,5.978505611419678,21.597,NA,1177.675,NA,NA,3.0976,3.733401679291104,0.12149438858032191,NA,4.6146339891304455,5.230730393395122,2.8818187910685134,4.458596377017816
1971-11-01,NA,6,5.994177,21.716,NA,1190.297,NA,NA,3.4937,2.22229304516961,0.005823000000000356,NA,3.733401679291104,4.6146339891304455,2.9792117769320083,4.041157477002216
1972-02-01,NA,5.7,6.00994,21.936,NA,1230.609,NA,NA,3.4937,4.1143082242830475,-0.3099400000000001,NA,2.22229304516961,3.733401679291104,2.7858954227728843,3.1858184353314964
1972-05-01,NA,5.7,6.02569055557251,22.081,NA,1266.369,NA,NA,3.4937,2.6703875133518906,-0.3256905555725096,NA,4.1143082242830475,2.22229304516961,2.7433857368656924,3.371966285014049
1972-08-01,NA,5.6,6.041316999999999,22.236,NA,1290.566,NA,NA,3.4937,2.837547398255369,-0.44131699999999974,NA,2.6703875133518906,4.1143082242830475,2.865881061618568,3.51047734769487
1972-11-01,NA,5.3,6.056706,22.382,NA,1328.904,NA,NA,3.9173,2.6523519172182652,-0.7567060000000003,NA,2.837547398255369,2.6703875133518906,2.963960131682194,3.2323047895693953
1973-02-01,NA,5,6.0717453956604,22.534,NA,1377.49,NA,NA,3.9173,2.744266093114711,-1.0717453956604004,NA,2.6523519172182652,2.837547398255369,2.9828588504892695,3.2606444599122995
1973-05-01,NA,4.9,6.086335,22.844,NA,1413.887,NA,NA,3.9173,5.617393642335644,-1.1863349999999997,NA,2.744266093114711,2.6523519172182652,2.9724343845007386,3.24391622220952
1973-08-01,NA,4.8,6.100386619567871,23.148,NA,1433.838,NA,NA,3.9173,5.430262735591773,-1.3003866195678713,NA,5.617393642335644,2.744266093114711,3.1860470958116043,4.392591468090647
1973-11-01,NA,4.8,6.11383056640625,23.468,NA,1476.289,NA,NA,3.9173,5.645359038385123,-1.3138305664062502,NA,5.430262735591773,5.617393642335644,3.5042267022484475,5.3514743301737475
1974-02-01,NA,5.2,6.126616477966309,23.865,NA,1491.209,NA,NA,4.211033333333333,6.940309489565788,-0.9266164779663084,NA,5.645359038385123,5.430262735591773,3.6487929654423006,5.412242937836563
1974-05-01,NA,5.1,6.138715,24.464,NA,1530.056,NA,NA,4.889733333333333,10.42416335942098,-1.0387150000000007,NA,6.940309489565788,5.645359038385123,4.152288049385273,6.216592067911814
1974-08-01,NA,5.5,6.1501145362854,25.174,NA,1560.026,NA,NA,5.0722,12.124117842043237,-0.6501145362854004,NA,10.42416335942098,6.940309489565788,4.630098248517785,8.02555057473342
1974-11-01,NA,6.6,6.1608195304870605,25.786,NA,1599.679,NA,NA,5.0722,10.084709794337044,0.4391804695129391,NA,12.124117842043237,10.42416335942098,5.105318655565989,9.788428985247187
1975-02-01,NA,8.1,6.170844000000001,26.304,NA,1616.116,NA,NA,5.0722,8.280753716150668,1.929155999999999,NA,10.084709794337044,12.124117842043237,5.101056079829791,9.42868845853208
1975-05-01,NA,9,6.180209,26.683,NA,1651.853,NA,NA,5.095066666666667,5.88914494884718,2.8197910000000004,NA,8.280753716150668,10.084709794337044,4.719490759856507,7.902455464544509
1975-08-01,NA,8.4,6.188934,27.071,NA,1709.82,NA,NA,5.1408,5.944537791729809,2.2110660000000006,NA,5.88914494884718,8.280753716150668,4.396687140609468,6.430427789218788
1975-11-01,NA,8.3,6.197032451629639,27.535,NA,1761.831,NA,NA,5.1408,7.034338123030159,2.102967548370362,NA,5.944537791729809,5.88914494884718,4.129615529212098,5.608713509413423
1976-02-01,NA,7.7,6.204509,27.955,NA,1820.487,NA,NA,4.878833333333333,6.242348707279666,1.4954910000000003,NA,7.034338123030159,5.944537791729809,4.08678182265472,6.0387702443517535
1976-05-01,NA,7.4,6.211358000000001,28.29,NA,1852.332,NA,NA,4.402866666666667,4.880271626139221,1.1886419999999998,NA,6.242348707279666,7.034338123030159,3.8997052343480094,6.011818396090458
1976-08-01,NA,7.8,6.217563,28.726,NA,1886.558,NA,NA,4.4988,6.3087066906062805,1.5824369999999996,NA,4.880271626139221,6.242348707279666,3.7532824688449384,5.187315820203699
1976-11-01,NA,7.8,6.2230989999999995,29.168,NA,1934.273,NA,NA,4.4988,6.298217188225208,1.5769010000000003,NA,6.3087066906062805,4.880271626139221,3.6954839079353707,5.247833470020895
1977-02-01,NA,7.6,6.227931,29.686,NA,1988.648,NA,NA,4.4988,7.295158885203645,1.3720689999999998,NA,6.298217188225208,6.3087066906062805,3.86721543316772,5.781035313291692
1977-05-01,NA,7,6.232016563415527,30.112,NA,2055.909,NA,NA,4.616,5.864822706103556,0.7679834365844727,NA,7.295158885203645,6.298217188225208,4.025244891416651,6.272608497331721
1977-08-01,NA,7,6.235309,30.629,NA,2118.473,NA,NA,4.8504,7.046596684481199,0.764691,NA,5.864822706103556,7.295158885203645,4.174158119457079,6.156589246715797
1977-11-01,NA,6.8,6.237757,31.067,NA,2164.27,NA,NA,4.8504,5.843940091890643,0.5622429999999996,NA,7.046596684481199,5.864822706103556,4.099251400033021,6.1227720469114155
1978-02-01,NA,6.3,6.239311,31.535,6.4,2202.76,NA,NA,5.038633333333333,6.163217345195293,0.06068899999999999,NA,5.843940091890643,7.046596684481199,4.27869576569038,6.207913110776959
1978-05-01,NA,6,6.239927,32.099,6.9,2331.633,NA,NA,5.4151,7.348176054382716,-0.23992699999999978,NA,6.163217345195293,5.843940091890643,4.387735487778203,6.057551345929866
1978-08-01,NA,5.9,6.239574432373047,32.642,8.7,2395.053,NA,NA,5.4151,6.940209535292774,-0.3395744323730465,NA,7.348176054382716,6.163217345195293,4.510290416274233,6.638654542119134
1978-11-01,NA,5.9,6.238234519958496,33.249,7.5,2476.949,NA,NA,5.659166666666667,7.648333279816444,-0.33823451995849574,NA,6.940209535292774,7.348176054382716,4.756777624575089,6.984421555494047
1979-02-01,NA,5.9,6.235909461975098,33.659,9.3,2526.61,NA,NA,6.1473,5.024466575027664,-0.3359094619750973,NA,7.648333279816444,6.940209535292774,5.035454969050797,7.26544673025749
1979-05-01,NA,5.6,6.232616999999999,34.462,9.8,2591.247,NA,NA,6.1473,9.889722367712995,-0.6326169999999998,NA,5.024466575027664,7.648333279816444,4.947365245848829,6.550311118730883
1979-08-01,NA,6,6.2283935546875,35.06,9.9,2667.565,NA,NA,6.7167,7.123741948406104,-0.2283935546875,NA,9.889722367712995,5.024466575027664,5.288512824460583,7.607088559359998
1979-11-01,NA,5.9,6.22329,35.784,10,2723.883,NA,NA,6.7167,8.519527368994684,-0.3232900000000001,NA,7.123741948406104,9.889722367712995,5.6609341749224855,8.300957012521318
1980-02-01,NA,6.3,6.217370510101318,36.677,10,2789.842,NA,NA,6.7167,10.36203003880054,0.08262948989868146,NA,8.519527368994684,7.123741948406104,5.423072435931759,7.794630550246505
1980-05-01,NA,7.5,6.210709,37.507,8.6,2797.352,NA,NA,6.7167,9.363926100263376,1.2892910000000004,NA,10.36203003880054,8.519527368994684,5.663249614888826,8.849662414674027
1980-08-01,NA,7.7,6.2033879999999995,38.296,7.6,2856.483,NA,NA,6.7167,8.683682238467272,1.4966120000000007,NA,9.363926100263376,10.36203003880054,5.7980779974415295,9.100889528385222
1980-11-01,NA,7.5,6.19549560546875,39.282,8.6,2985.557,NA,NA,7.052499999999999,10.70333573579716,1.30450439453125,NA,8.683682238467272,9.363926100263376,5.834237983659595,8.614009860318703
1981-02-01,NA,7.4,6.187123000000001,40.152,8.6,3124.206,NA,NA,7.7241,9.157697273396725,1.2128769999999998,NA,10.70333573579716,8.683682238467272,6.279955968047881,9.370710795095162
1981-05-01,NA,7.5,6.178361415863037,40.913,7.3,3162.532,NA,NA,7.47,7.799456897238932,1.321638584136963,NA,9.157697273396725,10.70333573579716,6.2571535925904564,9.40664275368493
1981-08-01,NA,7.4,6.169302463531494,41.642,5.8,3260.609,NA,NA,7.22,7.320086922478519,1.2306975364685062,NA,7.799456897238932,9.157697273396725,5.847306838124233,8.26392961791269
1981-11-01,NA,8.3,6.160031,42.411,7.3,3280.818,NA,NA,7.33,7.59392024887835,2.1399690000000007,NA,7.320086922478519,7.799456897238932,5.684310046885409,7.514946881935433
1982-02-01,6.404901,8.9,6.150627,42.994,5.2,3274.302,NA,NA,6.76,5.612994752724698,2.7493730000000003,NA,7.59392024887835,7.320086922478519,5.300769632361441,7.189793559746046
1982-05-01,5.9439188,9.4,6.141159534454346,43.589,3.5,3331.972,NA,NA,6.359998999999999,5.6516330882799615,3.2588404655456547,NA,5.612994752724698,7.59392024887835,4.948439292731887,6.336808840160399
1982-08-01,6.0254417,9.8,6.131687,44.295,4.8,3366.322,NA,NA,6.365573262295082,6.637805988933909,3.6683130000000004,NA,5.6516330882799615,5.612994752724698,4.7101497025575565,5.592677621629086
1982-11-01,4.8872182,10.8,6.122254,44.906,4.5,3402.561,NA,NA,6.199999,5.632768929960141,4.677746000000001,NA,6.637805988933909,5.6516330882799615,4.6489236523433455,5.805206350023625
1983-02-01,4.9975233,10.4,6.112889,45.525,3,3473.413,NA,4.95254511658214,5.92,5.628796053832219,4.287111,NA,5.632768929960141,6.637805988933909,4.549634120526666,5.732572200597473
1983-05-01,4.7160543,10.1,6.103606,45.787,3.2,3578.848,NA,3.76732629829308,6.18,2.3219807706984508,3.9963939999999996,NA,5.628796053832219,5.632768929960141,4.592645779301536,5.490610229860019
1983-08-01,5.2445032,9.5,6.094400405883789,46.55,3.3,3689.179,NA,4.8969903682566205,6.229998999999999,6.834121878442478,3.405599594116211,NA,2.3219807706984508,5.628796053832219,4.415416757949716,4.311455678590767
1983-11-01,5.2722768,8.5,6.085254,46.93,3.5,3794.706,NA,4.88207173553306,6.25,3.3055075032078607,2.414746,NA,6.834121878442478,2.3219807706984508,4.397252648391281,4.987559476223771
1984-02-01,5.2269107,7.8,6.076131,47.418,3.3,3908.054,NA,4.6323774287993205,6.18,4.224714090319948,1.7238689999999997,NA,3.3055075032078607,6.834121878442478,4.660233198837061,5.314910316889102
1984-05-01,5.6723311,7.4,6.066982,47.933,4.2,4009.601,NA,3.3975048040301203,6.102458508196721,4.41563054975509,1.333018,NA,4.224714090319948,3.3055075032078607,4.289244130497448,4.427821081521741
1984-08-01,5.6286644,7.5,6.057761,48.412,3,4084.25,NA,4.69130811372347,5.649998999999999,4.0575637408788445,1.4422389999999998,NA,4.41563054975509,4.224714090319948,4.147325914987959,4.671968307122156
1984-11-01,5.1955653,7.2,6.048421382904053,48.698,3.4,4148.551,NA,2.60802524955723,5.3,2.3840731041772534,1.1515786170959474,NA,4.0575637408788445,4.41563054975509,3.9575933466633044,4.527671449435497
1985-02-01,5.1681521,7.2,6.0389029999999995,49.42,3.1,4230.168,NA,5.60339750649217,4.953389830508474,6.063624194401651,1.1610970000000007,NA,2.3840731041772534,4.0575637408788445,3.60385047119313,3.645948169332056
1985-05-01,5.1176656,7.2,6.029139518737793,49.823,3.2,4294.887,NA,3.30709306957033,5.0749995,3.301953093649801,1.1708604812622072,NA,6.063624194401651,2.3840731041772534,3.7341168978814228,4.494883341816025
1985-08-01,4.8273963,7.1,6.019057,50.38,2.8,4386.773,NA,3.4596356346455495,5.295,4.547380491306985,1.0809429999999995,NA,3.301953093649801,6.063624194401651,4.094957533569603,4.835434436627935
1985-11-01,4.60993,7,6.008578,50.689,3.1,4444.094,NA,5.39203871117875,5.211310475409836,2.4760179948493333,0.991422,NA,4.547380491306985,3.301953093649801,3.8193471062883617,4.308349495450796
1986-02-01,4.2082108,7.2,5.997622,51.233,2.8,4507.894,NA,3.17019109552263,4.877118118644067,4.362447300577288,1.2023780000000004,NA,2.4760179948493333,4.547380491306985,3.621680946639027,3.827073187733956
1986-05-01,3.5965277,7.2,5.98611,51.57,2.7,4545.34,NA,2.24297330698615,4.851427912087912,2.657191097577405,1.2138900000000001,NA,4.362447300577288,2.4760179948493333,3.4986780496704464,3.7988153824148525
1986-08-01,3.6670792,6.9,5.973967552185058,51.925,3,4607.669,NA,3.28286363623527,4.718851950819672,2.782101998013342,0.9260324478149426,NA,2.657191097577405,4.362447300577288,3.5341132249234373,3.8143634555177623
1986-11-01,3.5598949,6.9,5.961125373840332,52.384,2.8,4657.627,NA,4.60573723276012,4.705217054347826,3.583029831666873,0.9388746261596683,NA,2.782101998013342,2.657191097577405,3.338300618161506,3.2455905772081195
1987-02-01,3.5717725,6.6,5.947525501251221,52.685,3.1,4722.156,NA,3.337758063505,4.884999499999999,2.31829783588664,0.6524744987487789,NA,3.583029831666873,2.782101998013342,3.5212835870227988,3.6906966505652914
1987-05-01,4.0365134,6.3,5.9331254959106445,53.214,3.4,4806.16,NA,4.5063604166125,4.895737196721311,4.077220067336795,0.3668745040893553,NA,2.31829783588664,3.583029831666873,3.543433518020429,3.5318853071367613
1987-08-01,4.1423663,6,5.917901515960693,53.679,3.2,4884.555,NA,3.3130276025440604,5.080819672131147,3.5414030113150696,0.08209848403930664,NA,4.077220067336795,2.31829783588664,3.63566198898535,3.848080737147825
1987-11-01,4.2185759,5.8,5.901855,54.235,3.2,5007.994,NA,3.3252684401102104,4.739999999999999,4.207964135929987,-0.10185500000000047,NA,3.5414030113150696,4.077220067336795,3.615043718635248,4.186744302214554
1988-02-01,3.9079721,5.7,5.885015,54.718,3.1,5073.372,NA,2.90883516980707,4.835,3.610145210620286,-0.18501499999999993,NA,4.207964135929987,3.5414030113150696,3.6566071743500643,4.291163712249237
1988-05-01,4.1527081,5.6,5.86744,55.407,3.3,5190.036,NA,3.41359123842682,4.645,5.13266748607597,-0.26744000000000057,NA,3.610145210620286,4.207964135929987,3.587520317760766,4.2503178856527954
1988-08-01,4.2245312,5.6,5.8492169999999994,56.007,4.4,5282.835,NA,5.27348496252884,4.52,4.402451756845194,-0.2492169999999998,NA,5.13266748607597,3.610145210620286,3.5523404630646493,4.577694119061459
1988-11-01,4.1247181,5.3,5.8304524421691895,56.676,3.7,5399.509,NA,2.9566454722601603,4.266847826086956,4.864266835848641,-0.5304524421691896,NA,4.402451756845194,5.13266748607597,3.5446470537464903,4.797367405438024
1989-02-01,4.3268648,5.2,5.811267375946045,57.297,4.1,5511.253,NA,5.20947642461538,4.29,4.455368919590441,-0.6112673759460447,NA,4.864266835848641,4.402451756845194,3.5088641507587,4.7304270468625775
1989-05-01,4.3287558,5.2,5.791787,57.833,4.6,5612.463,NA,5.3880092744515595,4.34,3.794741416934433,-0.5917870000000001,NA,4.455368919590441,4.864266835848641,3.561326428576179,4.752588681812755
1989-08-01,3.732451,5.2,5.772135,58.217,3.5,5695.365,NA,2.8558736840948997,4.13,2.6824926030185603,-0.5721349999999994,NA,3.794741416934433,4.455368919590441,3.3487806268125646,4.283335772792311
1989-11-01,3.8128033,5.4,5.7524285316467285,58.787,3.5,5747.237,NA,4.1625237636602,3.905737704918033,3.974275841520547,-0.35242853164672816,NA,2.6824926030185603,3.794741416934433,3.060064763906171,3.5211717592031198
1990-02-01,4.132471,5.3,5.7327650000000006,59.468,4.1,5872.701,NA,4.981650393083201,3.655737704918033,4.714817251521608,-0.43276500000000073,NA,3.974275841520547,2.6824926030185603,2.882773468544962,3.5482744547857092
1990-05-01,4.2719379,5.4,5.713230609893799,60.115,3.4,5960.028,NA,3.9664938072334395,3.87,4.4234589393763235,-0.3132306098937985,NA,4.714817251521608,3.974275841520547,3.1993356475106176,4.348269053469085
1990-08-01,3.9608557,5.7,5.693902492523193,60.753,4.6,6015.116,NA,5.66560606341413,3.988032786885246,4.313257491776534,0.006097507476806818,NA,4.4234589393763235,4.714817251521608,3.318704090777009,4.499475122830107
1990-11-01,4.1871576,6.2,5.674851417541504,61.246,4.7,6004.733,NA,3.61399611524087,3.898360655737705,3.285654658305548,0.5251485824584963,NA,4.313257491776534,4.4234589393763235,3.206188376405662,4.259200574543824
1991-02-01,3.8019376,6.6,5.6561455726623535,61.807,3.4,6035.178,NA,4.3550241753906,3.912203389830509,3.7145618196955166,0.9438544273376461,NA,3.285654658305548,4.313257491776534,3.113790324139678,3.777743084222627
1991-05-01,3.8320852,6.9,5.6378379999999995,62.307,3.1,6126.862,NA,4.46850763239142,3.94,3.2753575596414786,1.262162000000001,NA,3.7145618196955166,3.285654658305548,3.0283619480778956,3.5431597111721773
1991-08-01,3.9151705,6.9,5.619961,62.804,3.2,6205.937,NA,3.08983246488028,3.68,3.229032144343358,1.2800390000000004,NA,3.2753575596414786,3.7145618196955166,2.899231970373146,3.4430810976201838
1991-11-01,3.5845422,7,5.6025339999999995,63.312,2.9,6264.54,NA,4.29177716897127,3.6,3.2749306430569503,1.3974660000000005,NA,3.229032144343358,3.2753575596414786,2.795490340482992,3.227759968628379
1992-02-01,3.572292,7.4,5.58557653427124,63.814,2.6,6363.102,NA,2.58885958946806,3.3,3.2095157292537646,1.8144234657287601,3.3,3.2749306430569503,3.229032144343358,2.606732937983924,3.0806791385902232
1992-05-01,3.6681125,7.6,5.569083999999999,64.273,2.9,6470.763,NA,2.80232154164044,3.5,2.908302365679738,2.0309160000000004,3.5,3.2095157292537646,3.2749306430569503,2.7123335156586137,3.108807589019988
1992-08-01,3.2935208,7.6,5.553058999999999,64.625,2.8,6566.641,NA,2.1172726558109902,3.35,2.2087174236950835,2.0469410000000003,3.35,2.908302365679738,3.2095157292537646,2.5983074625374614,2.9199757452768424
1992-11-01,3.3134226,7.4,5.537511,65.121,2.9,6680.803,NA,3.27594189784477,3.2,3.10554435340189,1.862489,3.2,2.2087174236950835,2.908302365679738,2.437554627048821,2.519094621494071
1993-02-01,3.1436628,7.1,5.522455,65.557,3.2,6729.459,NA,2.2966258694632598,3.1,2.705107455824751,1.5775449999999998,3.1,3.10554435340189,2.2087174236950835,2.3735996418902814,2.6161267712490637
1993-05-01,2.9599668,7.1,5.507904529571533,66.114,2.9,6808.939,NA,2.97550405217233,3.3,3.4421285670689583,1.5920954704284664,3.3,2.705107455824751,3.10554435340189,2.5619459669570652,2.845859752604256
1993-08-01,2.9558867,6.8,5.4938645362854,66.438,3.2,6882.098,NA,2.52892755090932,3.05,1.9747072940104582,1.3061354637145994,3.05,3.4421285670689583,2.705107455824751,2.436356022794324,2.9409656087221285
1993-11-01,2.8765847,6.6,5.48034143447876,66.819,2.8,7013.738,NA,3.6360647138418103,3.05,2.3136753758679074,1.1196585655212399,3.05,1.9747072940104582,3.4421285670689583,2.4271381503993332,2.6657125431232602
1994-02-01,2.9222979,6.6,5.467338562011719,67.047,2.8,7115.652,NA,3.6058143013175,3.05,1.37188302946063,1.132661437988281,3.05,2.3136753758679074,1.9747072940104582,2.281206154871879,2.268513052914738
1994-05-01,3.4494182,6.1,5.454845,67.526,3.1,7246.931,NA,2.90181334741006,3.1,2.888467074544998,0.6451549999999999,3.1,1.37188302946063,2.3136753758679074,2.3027671631597553,2.105909265556205
1994-08-01,3.4585097,6,5.442838,67.894,3.1,7331.075,NA,3.5187037719115697,3.1,2.197785788600015,0.5571619999999999,3.1,2.888467074544998,1.37188302946063,2.302678608553317,2.361066622096364
1994-11-01,3.8060235,5.6,5.431291000000001,68.282,3.2,7455.288,NA,4.39209057745666,3.1,2.3055863429479295,0.1687089999999989,3.1,2.197785788600015,2.888467074544998,2.4448164742028182,2.68807967693322
1995-02-01,3.7985512,5.4,5.420172,68.587,3,7522.289,NA,3.3376345207508904,2.9,1.7987149732821672,-0.020171999999999635,2.9,2.3055863429479295,2.197785788600015,2.266864589415604,2.4418281217679922
1995-05-01,3.3939611,5.6,5.409451484680176,69.032,3,7580.997,NA,3.5594625767825896,2.95,2.62061076491662,0.19054851531982386,2.95,1.7987149732821672,2.3055863429479295,2.2642598226718,2.275686371190832
1995-08-01,3.2087773,5.7,5.399091,69.367,2.9,7683.125,NA,2.94234945083716,2.8,1.9553044488102023,0.30090899999999987,2.8,2.62061076491662,1.7987149732821672,2.1733126806116374,2.347503184778556
1995-11-01,3.0260705,5.6,5.38905,69.672,2.8,7772.586,NA,2.66922899078137,2.6,1.7703950656133394,0.21094999999999953,2.6,1.9553044488102023,2.62061076491662,2.1120630659001796,2.3341632343909784
1996-02-01,2.8735922,5.5,5.379276,69.94,2.8,7868.468,NA,2.6189607116124103,2.6,1.5475387564713783,0.12072400000000005,2.6,1.7703950656133394,1.9553044488102023,2.0263061724749467,2.0363170640881676
1996-05-01,3.2939379,5.6,5.369709491729736,70.319,3.1,8032.84,NA,2.9377900582841403,2.6,2.1852548260530513,0.23029050827026332,2.6,1.5475387564713783,1.7703950656133394,1.9852978260986074,1.8709317563387247
1996-08-01,3.2714208,5.1,5.360292434692383,70.566,3.1,8131.408,NA,2.3215009912297,2.6,1.4124458835549802,-0.26029243469238317,2.6,2.1852548260530513,1.5475387564713783,2.0231268730838385,2.0970709274497104
1996-11-01,3.201551,5.4,5.350973606109619,71.041,3,8259.771,NA,3.4965341186496497,2.6,2.7198231475689782,0.049026393890381215,2.6,1.4124458835549802,2.1852548260530513,2.0308667391218633,1.990424955176409
1997-02-01,3.2410933,5.2,5.341696,71.29,3,8362.655,NA,2.34294951187677,2.6,1.4093956222013704,-0.1416959999999996,2.6,2.7198231475689782,1.4124458835549802,2.03982921791101,2.23876785423324
1997-05-01,3.3190744,4.9,5.332409381866455,71.652,2.9,8518.825,NA,2.63567345485551,2.45,2.0466635936246425,-0.4324093818664547,2.45,1.4093956222013704,2.7198231475689782,2.0261543478924477,2.193099315663572
1997-08-01,3.1359342,4.8,5.323080539703369,71.778,2.7,8662.823,NA,2.31561868855912,2.6,0.7052573337400281,-0.5230805397033693,2.6,2.0466635936246425,1.4093956222013704,2.008051171160864,2.027393630695354
1997-11-01,3.0804703,4.6,5.31369,72.058,2.9,8765.907,NA,2.7079596776415897,2.25,1.5695207443957138,-0.7136900000000006,2.25,0.7052573337400281,2.0466635936246425,1.797770693645391,1.6534280118157034
1998-02-01,2.880843,4.6,5.304222,72.272,2.4,8866.48,NA,2.87065094209522,2.2,1.1932343625552289,-0.7042220000000006,2.2,1.5695207443957138,0.7052573337400281,1.6744233329970828,1.487208711162449
1998-05-01,2.9397546,4.4,5.294664,72.552,2.6,8969.699,NA,3.03777216799082,2.1,1.5587303133159702,-0.8946639999999997,2.1,1.1932343625552289,1.5695207443957138,1.6986955182105432,1.644380828385786
1998-08-01,2.8945642,4.5,5.285001,72.807,2.4,9121.097,NA,3.3717716016433705,2.1,1.4133175291179745,-0.7850010000000003,2.1,1.5587303133159702,1.1932343625552289,1.6763173936368658,1.63600258327628
1998-11-01,2.4871923,4.4,5.275233,72.95,2.3,9293.991,NA,2.1930187838977,2.1,0.7879563816381996,-0.8752329999999997,2.1,1.4133175291179745,1.5587303133159702,1.7118925253219122,1.7224549095148514
1999-02-01,2.5762176,4.4,5.265363,73.155,2.5,9411.682,NA,1.7404106130861599,1.9,1.1288046018555375,-0.8653629999999994,1.9,0.7879563816381996,1.4133175291179745,1.5381568873179896,1.365503039645739
1999-05-01,2.8328002,4.2,5.255394458770752,73.435,2.8,9526.21,NA,1.7151774759723402,2.1,1.5398080867020436,-1.0553944587707518,2.1,1.1288046018555375,0.7879563816381996,1.610675919445013,1.3599219660940716
1999-08-01,3.0416531,4.2,5.245333671569824,73.642,2.8,9686.626,NA,2.3615824284601,2.1,1.1323041565484582,-1.045333671569824,2.1,1.5398080867020436,1.1288046018555375,1.6778947369239159,1.6382936099143608
1999-11-01,3.1453348,4.1,5.235184669494629,74.034,2.9,9900.169,NA,2.18775527240926,2.1,2.1462810627630446,-1.1351846694946293,2.1,1.1323041565484582,1.5398080867020436,1.7005810146961737,1.640517955732367
2000-02-01,3.3621613,4.1,5.224948,74.415,2.9,10002.179,NA,2.78558392501993,2.1,2.0744587884680143,-1.1249480000000007,2.1,2.1462810627630446,1.1323041565484582,1.7233524112048337,1.8820253368976916
2000-05-01,3.3170395,4,5.214622,74.697,3,10247.72,NA,2.85353384475986,2.1,1.5244616641204578,-1.2146220000000003,2.1,2.0744587884680143,2.1462810627630446,1.8386036997927437,2.228857254008968
2000-08-01,3.1030372,4.1,5.204211,75.021,2.7,10318.165,NA,2.87570061509343,2.1,1.7463305827511766,-1.1042110000000003,2.1,1.5244616641204578,2.0744587884680143,1.7879690142185654,1.978449793607829
2000-11-01,2.9938058,3.9,5.193731,75.441,2.9,10435.744,NA,2.65177399972001,2.1,2.2582487286916697,-1.2937309999999997,2.1,1.7463305827511766,1.5244616641204578,1.7475145458447257,1.890286237716651
2001-02-01,2.621347,4.2,5.183196544647217,75.93,2.8,10470.231,3.7,2.8367889543748905,2.1,2.6180726252786224,-0.9831965446472166,2.1,2.2582487286916697,1.7463305827511766,1.7961308287749205,2.1270872782106087
2001-05-01,2.7393712,4.3,5.172613620758057,76.148,3.2,10599,3.2,3.5011161919658704,2.1,1.1533814654089758,-0.8726136207580568,2.1,2.6180726252786224,2.2582487286916697,1.875519968422387,2.4345074485023512
2001-08-01,2.6512123,4.9,5.161983,76.553,2.7,10598.02,3,3.80544284558475,2.1,2.1444687457295775,-0.26198299999999985,2.1,1.1533814654089758,2.6180726252786224,1.7915596508600213,1.9253414443032066
2001-11-01,2.3031101,5.5,5.151313,76.81,0.4,10660.465,2.8,3.4431714115967296,2.15,1.3496379279666737,0.34868699999999997,2.15,2.1444687457295775,1.1533814654089758,1.6957103567209302,1.7202093494512585
2002-02-01,2.598242,5.7,5.140615463256836,77.018,2.1,10783.5,2.6,3.38352407504046,2.1,1.0876001370555777,0.5593845367431642,2.1,1.3496379279666737,2.1444687457295775,1.7181372988437775,1.7280551542094302
2002-05-01,2.726947,5.8,5.129905,77.411,2.7,10887.46,2.6,2.42019843819257,2.1,2.0567570666446766,0.6700949999999999,2.1,1.0876001370555777,1.3496379279666737,1.6041996502366154,1.3290774844481739
2002-08-01,2.2898134,5.7,5.119209,77.845,2.6,10984.04,2.6,2.28572177593909,2.1,2.261505223014937,0.5807910000000005,2.1,2.0567570666446766,1.0876001370555777,1.6445487799257004,1.6179695560628224
2002-11-01,2.0833957,5.9,5.1085615158081055,78.114,2.4,11061.433,2.6,1.9109760074518303,2.05,1.3894150858504872,0.7914384841918949,2.05,2.261505223014937,2.0567570666446766,1.7335227322580844,2.0011754299568913
2003-02-01,2.1441728,5.9,5.09799,78.348,2.7,11174.129,2.4,1.9758302344968102,2.1,1.203643724177872,0.8020100000000001,2.1,1.3894150858504872,2.261505223014937,1.7247542793996276,1.7548177129286937
2003-05-01,1.9938746,6.1,5.087525,78.674,2,11312.766,2.5,1.0757881864280399,2.1,1.6747860385850188,1.0124749999999993,2.1,1.203643724177872,1.3894150858504872,1.6032510875299244,1.3449107125015376
2003-08-01,2.1533766,6.1,5.077202,79.004,2.5,11566.669,2.4,2.35741426924818,2.1,1.6883956662577582,1.0227979999999999,2.1,1.6747860385850188,1.203643724177872,1.6140228523832123,1.457709273011659
2003-11-01,2.1622536,5.8,5.067058563232422,79.368,2.7,11772.234,2.5,1.1863624116481102,2.1,1.8557204965565788,0.732941436767578,2.1,1.6883956662577582,1.6747860385850188,1.6806381214422594,1.6679729877158593
2004-02-01,2.1503905,5.6,5.057126,79.8,2.6,11923.447,2.6,2.91265455346974,2.1,2.1950402164993665,0.5428739999999994,2.1,1.8557204965565788,1.6883956662577582,1.701284262768028,1.7608091306000546
2004-05-01,2.346638,5.6,5.0474324226379395,80.252,3.3,12112.815,2.7,3.2174948905270697,2.1,2.284986579813175,0.5525675773620602,2.1,2.1950402164993665,1.8557204965565788,1.7435990844372902,1.949602401970668
2004-08-01,2.3820341,5.4,5.038008,80.505,2.8,12305.307,2.6,2.87323745174035,2.1,1.2670035217117848,0.36199200000000076,2.1,2.284986579813175,2.1950402164993665,1.7963944259844602,2.12948260604949
2004-11-01,2.2193785,5.4,5.028878688812256,81.005,2.8,12527.214,2.6,1.4800663055379,2.1,2.5075581029780025,0.3711213111877445,2.1,1.2670035217117848,2.284986579813175,1.7360424197033342,1.7702875984692565
2005-02-01,2.2774428,5.4,5.020076,81.536,2.9,12767.286,2.9,3.3040022907410402,2.05,2.647955223353149,0.37992399999999993,2.05,2.5075581029780025,1.2670035217117848,1.6759347414433263,1.8642359399252955
2005-05-01,2.3666671,5.1,5.011637,81.999,3.2,12922.656,2.8,3.16846235161856,2.1,2.290809705514052,0.0883629999999993,2.1,2.647955223353149,2.5075581029780025,1.8682564716369345,2.41483910277203
2005-08-01,2.4298717,4.9,5.003654480000438,82.243,3.1,13142.642,3,2.22215620270876,2.1,1.1955816463615987,-0.10365448000043731,2.1,2.290809705514052,2.647955223353149,1.867328207494218,2.3522596631355785
2005-11-01,2.6116749,5,4.9967167758934,82.873,3.3,13324.204,3.1,2.8369119481422596,2.1,3.0994781443224095,0.003283224106599647,2.1,1.1955816463615987,2.290809705514052,1.7463279811743642,1.7910813931506033
2006-02-01,2.4925589,4.8,4.987016736794103,83.279,3,13599.16,3.1,2.07202087371556,2.1,1.9740725460823505,-0.1870167367941029,2.1,3.0994781443224095,1.1955816463615987,1.759394581220387,2.152592032690903
2006-05-01,2.6766408,4.6,4.976734475862477,83.974,4,13753.424,3.2,4.28816068458393,2.1,3.3801973016443387,-0.3767344758624773,2.1,1.9740725460823505,3.0994781443224095,1.9081963598924183,2.4267503953929954
2006-08-01,2.6393349,4.7,4.966011157786974,84.44,3.8,13870.188,3.3,4.62137039677921,2.1,2.238280214333588,-0.2660111577869735,2.1,3.3801973016443387,1.9740725460823505,1.8714884191353593,2.548905875726604
2006-11-01,2.3106579,4.5,4.955040080493421,84.766,3,14039.56,3.3,3.02469916751935,2.1,1.5532579844959038,-0.45504008049342115,2.1,2.238280214333588,3.3801973016443387,1.9618491247088465,2.6383834757933164
2007-02-01,2.5721237,4.5,4.944046980128732,85.408,3,14215.651,3.3,4.4470256400193495,2,3.064108050084391,-0.4440469801287321,2,1.5532579844959038,2.238280214333588,1.7259919291009025,1.933493233747103
2007-05-01,2.5464455,4.4,4.933268579217006,85.717,3.3,14402.082,3.3,2.35349143799752,2,1.4550438270004573,-0.5332685792170055,2,3.064108050084391,1.5532579844959038,1.7550993839004876,2.2785620768527375
2007-08-01,2.4884813,4.6,4.922925139441717,86.116,3.2,14564.117,3.2,2.18457280462696,2.1,1.87498202099039,-0.3229251394417174,2.1,1.4550438270004573,3.064108050084391,1.8661346481932355,2.2083617625537344
2007-11-01,2.3891912,4.7,4.913194324705306,86.746,3.4,14715.058,3.3,3.4753593527569997,2.1,2.9585541757276346,-0.21319432470530586,2.1,1.87498202099039,1.4550438270004573,1.705673954085043,1.7793580315744462
2008-02-01,2.0129504,4.9,4.904191718858677,87.178,3.6,14706.538,3,2.85747436326564,2.2,2.006952731463163,-0.004191718858677085,2.2,2.9585541757276346,1.87498202099039,1.8772976215812516,2.350916346073652
2008-05-01,2.1396628,5.4,4.895960569602773,87.559,5.2,14865.701,3,2.4627692895931,2.2,1.7596409681022163,0.5040394303972278,2.2,2.006952731463163,2.9585541757276346,1.9161145676948577,2.3104757547637185
2008-08-01,2.3521255,6.1,4.888470759617824,88.026,4.8,14898.999,2.6,2.94013128490127,2.2,2.150547409953907,1.211529240382176,2.2,1.7596409681022163,2.006952731463163,1.7615497487230418,1.786224950612648
2008-11-01,1.7893924,6.8,4.88162329538316,87.952,2.9,14608.209,2.3,1.93625366578525,2.2,-0.3358404968820228,1.9183767046168398,2.2,2.150547409953907,1.7596409681022163,1.7321441476934767,1.7589513941230128
2009-02-01,1.4101179,8.3,4.875261901289407,87.952,1.9,14430.902,2.1,2.14357605719473,2.2,0,3.424738098710594,2.2,-0.3358404968820228,2.150547409953907,1.545731001368507,0.7569968110471441
2009-05-01,1.6751807,9.4,4.869192265374635,88.279,2.8,14381.236,1.9,1.29376893720741,2.27,1.495489232613001,4.530807734625365,2.27,0,-0.3358404968820228,1.2787945935537868,-0.12091464872117569
2009-08-01,1.9783579,9.6,4.863205979930874,88.599,2.8,14448.882,1.8,1.6255061079099,2.15,1.4578513425031137,4.736794020069126,2.15,1.495489232613001,0,1.3445800850905978,0.508535696223996
2009-11-01,1.8819046,9.9,4.857106944397845,89.16,2.7,14651.249,1.9,0.516016421313492,2.1,2.5569174438815123,5.042893055602155,2.1,1.4578513425031137,1.495489232613001,1.473589063967262,0.975351107418296
2010-02-01,1.8645258,9.8,4.850728282627726,89.446,2.7,14764.61,2,-0.10662785426794899,2.1,1.2892734657000249,4.949271717372275,2.1,2.5569174438815123,1.4578513425031137,1.5489045015363216,1.3949504779963342
2010-05-01,1.856677,9.6,4.843936590710999,89.724,3.2,14980.193,2.2,0.27574788971958,2.15,1.2490160859039534,4.756063409289001,2.15,1.2892734657000249,2.5569174438815123,1.623764235957153,1.3427603869943256
2010-08-01,1.5327991,9.5,4.836630897441851,89.855,2.7,15141.607,2.2,0.43020593403721996,2.1,0.5852934592158299,4.663369102558149,2.1,1.2490160859039534,1.2892734657000249,1.450445077779047,0.8689926738682104
2010-11-01,1.3817,9.8,4.828742862936905,90.16,3,15309.474,2.4,1.31829898066591,2,1.3646716851834828,4.971257137063096,2,0.5852934592158299,1.2490160859039534,1.3310707459796844,0.529599529717732
2011-02-01,1.8901178,9,4.820244006599269,90.53,3.4,15351.448,2.4,2.8169688979258902,2.1,1.6516586301828173,4.179755993400731,2.1,1.3646716851834828,0.5852934592158299,1.3965679744047526,0.7218143511590008
2011-05-01,1.9651925,9,4.811158123503825,91.091,4.1,15557.539,2.4,2.3058155396238997,2.27,2.5018721652439346,4.188841876496175,2.27,1.6516586301828173,1.3646716851834828,1.6021056688483788,1.164123452074349
2011-08-01,1.5890717,9,4.801569813017011,91.508,3.5,15647.68,2.5,3.1779707716990093,2.25,1.8437482854268827,4.198430186982989,2.25,2.5018721652439346,1.6516586301828173,1.682153905425529,1.5852552387303342
2011-11-01,1.4665774,8.6,4.791622118171009,91.808,3.2,15842.259,2.6,1.8470137988752198,2.15,1.3178236126596854,3.8083778818289904,2.15,1.8437482854268827,2.5018721652439346,1.6932313086145936,1.6543587250094283
2012-02-01,1.406833,8.3,4.781499529253637,92.364,3.3,16068.805,2.6,1.6845519133678302,2.15,2.444541759810459,3.518500470746364,2.15,1.3178236126596854,1.8437482854268827,1.5926351880790943,1.2533659626740383
2012-05-01,1.4303528,8.2,4.7713995210888855,92.755,3,16207.115,2.8,1.7320720722101297,2.2,1.7040830455088418,3.4286004789111137,2.2,2.444541759810459,1.3178236126596854,1.641883352975097,1.524206120864851
2012-08-01,1.3348091,8.1,4.761502714877658,93.005,3.6,16319.541,2.8,2.4238660191344503,2.2,1.082475530296878,3.338497285122342,2.2,1.7040830455088418,2.444541759810459,1.723922431638257,1.6551327715456272
2012-11-01,1.4037991,7.7,4.751948856560013,93.445,3.1,16420.419,2.8,2.0721553787935503,2.1,1.9058427928043242,2.9480511434399874,2.1,1.082475530296878,1.7040830455088418,1.5545180623686563,1.1686254855574563
2013-02-01,1.3922361,7.7,4.742824857468626,93.805,3.3,16648.189,2.9,2.45154222786008,2,1.5499415331051036,2.9571751425313746,2,1.9058427928043242,1.082475530296878,1.4828266876674947,1.2285750461025442
2013-05-01,1.2491782,7.5,4.734167218385459,94.047,3.1,16728.687,3,1.9563823322529,2,1.0359280902475287,2.7658327816145407,2,1.5499415331051036,1.9058427928043242,1.5605392876623978,1.4109766485854864
2013-08-01,1.6468685,7.2,4.725973251949637,94.431,3,16953.838,2.9,2.1480298989162,2,1.6432560473525593,2.4740267480503633,2,1.0359280902475287,1.5499415331051036,1.4956158073749941,1.1230253846212295
2013-11-01,1.5695147,6.9,4.71821229323513,94.86,2.9,17192.019,2.9,2.60550640737742,2,1.829620715214264,2.1817877067648705,2,1.6432560473525593,1.0359280902475287,1.4899990603916613,1.208392007047583
2014-02-01,1.632026,6.7,4.710835162426804,95.109,3.2,17197.738,3.1,2.3508313464702497,2,1.0541097396491006,1.9891648375731963,2,1.829620715214264,1.6432560473525593,1.5803742960253688,1.521472949192378
2014-05-01,1.748523,6.3,4.70378083099091,95.574,3.3,17518.508,3.3,2.54562660708071,2,1.9700398278768905,1.5962191690090899,2,1.0541097396491006,1.829620715214264,1.5637751760836085,1.34014315213345
2014-08-01,1.766452,6.1,4.696979837805766,95.885,3.2,17804.228,3.7,1.7517369153509799,2,1.3079762174310394,1.4030201621942338,2,1.9700398278768905,1.0541097396491006,1.5454767492599042,1.4377599835142536
2014-11-01,1.6543211,5.8,4.690356277967989,96.181,2.8,17912.079,3.3,2.25631054100233,2,1.2405421698971741,1.1096437220320112,2,1.3079762174310394,1.9700398278768905,1.6167206549565407,1.5487221332820094
2015-02-01,1.2882705,5.5,4.683831538634186,96.324,2.8,18063.529,3.7,1.95449451571832,2,0.5960396775236187,0.8161684613658142,2,1.2405421698971741,1.3079762174310394,1.5474940642551616,1.3225403555757076
2015-05-01,1.6757722,5.6,4.677328465531269,96.766,2.8,18279.784,3.8,2.5012910991095,1.98,1.848144230622073,0.9226715344687308,1.98,0.5960396775236187,1.2405421698971741,1.4796484545759632,1.0315741384086037
2015-08-01,1.6980816,5.1,4.670774594146351,97.056,2.8,18401.626,3.7,1.63579063211565,2,1.2041678563640579,0.4292254058536482,2,1.848144230622073,0.5960396775236187,1.5228697216855056,1.3489970783327674
2015-11-01,1.6363077,5.1,4.664107354087191,97.332,2.7,18435.137,3.8,2.2654806001265,1.9,1.1423488840660134,0.4358926459128085,1.9,1.2041678563640579,1.848144230622073,1.5654726077944305,1.5177433592440883
2016-02-01,1.52606345,4.9,4.657280063380819,97.736,2.5,18525.933,3.9,2.53771440127248,1.97,1.6706625452086898,0.24271993661918145,1.97,1.1423488840660134,1.2041678563640579,1.5344385992221137,1.3099873272519515
2016-05-01,1.62654651,4.8,4.650266763167459,98.284,2.4,18711.702,3.9,3.2805191880404,2,2.261709739218576,0.14973323683254058,2,1.6706625452086898,1.1423488840660134,1.58451969047773,1.5116228057677585
2016-08-01,1.51843982,4.9,4.643065795549792,98.703,2.5,18892.639,3.8,2.7425708907920803,2,1.716198024585558,0.2569342044502081,2,2.261709739218576,1.6706625452086898,1.6819059840053803,1.9139822172049894
2016-11-01,1.65806018,4.7,4.6356975117040875,99.005,2.4,19089.379,4,2.45883151623452,2,1.2295021074721024,0.06430248829591267,2,1.716198024585558,2.261709739218576,1.7198375741469054,1.9406549961308444
2017-02-01,1.82718762,4.6,4.628192464607139,99.561,2.7,19280.084,3.9,3.2923463387532204,2.1,2.2653449907973577,-0.0281924646071392,2.1,1.2295021074721024,1.716198024585558,1.683802864267424,1.6022465244134088
2017-05-01,1.71269334,4.4,4.620574023479433,99.803,2.6,19438.643,3.8,2.1132188709843502,2.09,0.9758189013260754,-0.22057402347943267,2.09,2.2653449907973577,1.2295021074721024,1.7013182532617661,1.8459688910618675
2017-08-01,1.70005771,4.4,4.6128389885979715,100.118,2.6,19692.595,4.1,2.2747579876520403,2,1.2684767123280594,-0.21283898859797112,2,0.9758189013260754,2.2653449907973577,1.6800604974122908,1.692843689731703
2017-11-01,1.85217904,4.2,4.6049403705047505,100.535,2.5,20037.088,4.1,2.42039295861358,2,1.67647177296264,-0.4049403705047503,2,1.2684767123280594,0.9758189013260754,1.5595102949442632,1.367298096428053
2018-02-01,2.00534843,4.1,4.596784534414666,101.198,2.7,20328.553,4.2,2.01327934554867,2,2.6640963999397638,-0.4967845344146662,2,1.67647177296264,1.2684767123280594,1.6250075861154354,1.6400266889307706
2018-05-01,2.00894606,3.8,4.588244232774207,101.78,2.8,20580.912,4.5,2.9818325508401204,2,2.320362020192679,-0.7882442327742067,2,2.6640963999397638,1.67647177296264,1.7517225372141836,2.2012838350997894
2018-08-01,2.07519107,3.8,4.579182858380815,102.016,3,20798.73,4.6,2.2967112867851003,2,0.9307215516898948,-0.7791828583808149,2,2.320362020192679,2.6640963999397638,1.8412476602641528,2.422064339296804
2018-11-01,2.09822052,3.8,4.569488334912821,102.556,2.8,20917.867,4.8,3.7237636017007705,2,2.134185668751476,-0.769488334912821,2,0.9307215516898948,2.320362020192679,1.7052940326014265,1.7650046994200412
2019-02-01,1.88227201,3.8,4.559107349559952,102.959,2.6,21104.133,4.5,3.02451212422616,2,1.581113336319162,-0.7591073495599518,2,2.134185668751476,0.9307215516898948,1.6281495290571995,1.7274099598701935
2019-05-01,1.7638552,3.7,4.548072316787357,103.381,2.9,21384.775,4.6,2.5585351456762795,2,1.6495948318084652,-0.8480723167873565,2,1.581113336319162,2.134185668751476,1.7319217786653534,1.9575167689155777
2019-08-01,1.56887016,3.7,4.536518384932685,103.811,2.7,21694.282,4.5,2.4628290795772902,2,1.6741576947661985,-0.8365183849326847,2,1.6495948318084652,1.581113336319162,1.672560897622607,1.784253788053562
2019-11-01,1.57873628,3.6,4.524682420558517,104.066,2.5,21902.39,4.4,3.45027019634134,2,0.9861810699621776,-0.9246824205585171,2,1.6741576947661985,1.6495948318084652,1.6856250311829455,1.8292421224203745
2020-02-01,1.51320566,3.5,4.5128759969487735,104.664,2.4,21706.513,4.4,2.70863053554713,2,2.3184296640983204,-1.0128759969487735,2,0.9861810699621776,1.6741576947661985,1.6444024921165354,1.5853402430631862
2020-05-01,0.86493627,13.2,4.501435076327348,104.364,3.2,19913.143,4,2.89504426558853,1.86,-1.1416059817436097,8.698564923672652,1.86,2.3184296640983204,0.9861810699621776,1.1937604705218956,0.5881522091885292
2020-08-01,1.23958067,8.4,4.490658240630827,105.229,3.1,21647.64,4.3,2.23572327671315,1.85,3.356765216242974,3.9093417593691733,1.85,-1.1416059817436097,2.3184296640983204,1.2917455327179397,0.33567779353442145
2020-11-01,1.23965611,6.7,4.480756326904777,105.552,2.8,22024.502,4.6,1.21891052470624,1.9,1.2334630811490888,2.2192436730952227,1.9,3.356765216242974,-1.1416059817436097,1.2996706969455487,1.0488283916025163
2021-02-01,1.31345304,6.2,4.4718328337534015,106.499,3.3,22600.185,5.1,2.8103907135000403,2.03,3.6373387774677024,1.7281671662465987,2.03,1.2334630811490888,3.356765216242974,1.7636701696345196,1.948861630257225
2021-05-01,1.48598552,5.8,4.463891501246221,108.167,4.6,23292.362,6.4,3.33847353905972,2.1,6.413571534929674,1.336108498753779,2.1,3.6373387774677024,1.2334630811490888,1.740667442842057,2.181513097629665
2021-08-01,1.54992943,5.2,4.456865180030474,109.458,4.6,23828.973,6.9,4.02203767076941,2.2,4.860251500585,0.7431348199695265,2.2,6.413571534929674,3.6373387774677024,2.289242540025767,4.212968384983644
2021-11-01,1.72679923,4.2,4.4506510615985775,110.778,4.9,24654.603,7,6.24507044851239,2.3,4.911729421486899,-0.2506510615985773,2.3,4.860251500585,6.413571534929674,2.597354680186519,4.7681785491254
2022-02-01,1.89861214,3.8,4.445136605,112.436,4.9,25029.116,7.1,6.51955458274716,2.2,6.122498694805745,-0.6451366050000003,2.2,4.911729421486899,4.860251500585,2.3810918569713966,4.249111599447743
2022-05-01,2.45008154,3.6,4.440213593,113.656,5.3,25544.273,7,7.50394411350803,2.4,4.4114008217303935,-0.8402135930000001,2.4,6.122498694805745,4.911729421486899,2.591795918957606,4.820056426367058
2022-08-01,2.1869859,3.7,4.435783746,115.158,4.8,25994.639,6.2,8.46391746602624,2.45,5.391839553220978,-0.7357837460000001,2.45,4.4114008217303935,6.122498694805745,2.6370928376766387,4.600570121745609
2022-11-01,2.53058351,3.6,4.431759578,116.417,4.9,26408.405,6.5,5.76577021806237,2.58,4.44536201655954,-0.8317595780000002,2.58,5.391839553220978,4.4114008217303935,2.585470793311111,4.417210586813051
2023-02-01,2.13652091,3.6,4.428063806,117.883,4.1,26813.601,6,7.880495894967001,2.15,5.133011391980435,-0.8280638059999998,2.15,4.44536201655954,5.391839553220978,2.3889160968032837,4.267642310654123
2023-05-01,2.19228495,3.7,4.424628937818157,118.984,4.2,27063.012,5.8,4.65568634289892,2.135,3.788573058220801,-0.7246289378181565,2.135,5.133011391980435,4.44536201655954,2.3149336471129733,4.174556282237983
2023-08-01,2.1788282,3.8,4.421396747328491,119.622,NA,27063.012,NA,4.027317641913,2.1215,2.1621389930608803,-0.6213967473284914,2.1215,3.788573058220801,5.133011391980435,2.289418137877702,3.8881569665020104
